S.No,image,Plate
1,car0,KL01CA2555
2,car3,DZIZ YXR
3,car14,ALR 486
4,car111 ,MH 20EE 7598
5,car73,TN 99F2378
6,car64,TAXI
7,car183,BRIT 0001
8,car204,BYOND
9,car211,F 65022
10,car415,MH1ZNE B922
11,car365,TN21 BZ 0768
12,car1,PGoMN112
13,car77,IR 26CU6799
14,car116,MK-35-32
15,car163,ALR33 TEE
16,car255,MH 20EJ 0364
17,car259,MH 20EE 7598
18,car344,GOOGLE
19,car365,TN21 BZ 0768
20,car387,HR26 4Z5927
21,car252,DAN 54P
22,car39,HH15BD8877
23,car44,DLZC AG 0786
24,car18,Ms66 YOB
25,car54,Ltk 378
